Classification,Working Title,Department,Final Filing Date,Salary,Location,Job Control Number,Job URL,Job Description,Desirable Qualifications,Special Requirements
PROGRAM ANALYST,Customer Contact Center Associate,Public Employees Retirement System,11/20/2024,"$5,855.00 - $7,327.00 per Month",Sacramento,JC-450134,https://calcareers.ca.gov/CalHrPublic/Jobs/JobPosting.aspx?JobControlId=450134,"This position is being re-advertised. If you previously applied, your application is still being considered and you do not need to re-apply.","Desirable Qualifications

            In addition to evaluating each candidate's relative ability, as demonstrated by quality and breadth of experience, the following factors will provide the basis for competitively evaluating each candidate:
        

Deep knowledge of Public Employees’ Retirement Law, Public Employees’ Medical Health Care Act rules and regulations, departmental policies and procedures, and other related statutes, laws, rules, regulations, and legislation.Ability to handle sensitive calls in a professional and courteous manner to achieve single call resolution while providing exceptional service.Professionally demonstrates effective customer service and strong interpersonal skills.Demonstrates excellent verbal and written communication skills along with strong organizational skills.Possesses basic computer skills and software application use.","Statement of Qualifications  
Please provide a Statement of Qualifications (SOQ) for the hiring manager’s review. Applications received without an SOQ or those that do not respond to the specific questions below will not be considered.
The SOQ must be typed, titled “Statement of Qualifications”, and each response must be numbered and list all relevant experience, education, and training, including places of employment, dates, and duties performed.  The SOQ must not exceed two pages in length and must not have font smaller than 11 point.Please describe your relative experience, specific role, and duration of time you’ve worked handling escalated  contact center calls.Describe your experience working in fast-paced contact center environments as next level support.Describe how you exercise a high degree of independence and responsibility in your current/previous position while maintaining accuracy and efficiency.Based on the Duty Statement description, what are the key skills that you possess that make you the most qualified candidate for this position?Minimum Qualifications
All experience and education relating to the Minimum Qualifications (MQs) listed on the Classification Specification should be included in your application package to clearly demonstrate how you meet the MQs for this position. If you are using education to meet MQs, please include your transcripts with your application package. If you have a degree from outside of the United States, you must submit an evaluation of this degree to determine the US equivalency.  If you need an evaluation, you can visit the National Association of Credential Evaluation Services (NACES) website to find organizations that provide these services. The Classification Specification is located on this Job Posting under ""Minimum Requirements."" 
Please Note: You may need to pass an examination to establish list eligibility prior to a final offer of employment. To find and take an exam, visit CalHR’s CalCareers website."
PROGRAM ANALYST,Cost Reporting Analyst,Department of Public Health,11/25/2024,"$5,855.00 - $7,327.00 per Month",Sacramento,JC-445016,https://calcareers.ca.gov/CalHrPublic/Jobs/JobPosting.aspx?JobControlId=445016,"The Associate Governmental Program Analyst (AGPA) works under the direction of the Staff Services Manager (SSM) II, in the State Coordination Section (SCS) in the Emergency Funding Coordination Branch (EFCB) of the Division of Operations, Center for Preparedness and Response. The AGPA performs the most complex technical analysis of emergency funds expenditures and is responsible for providing data and analytical support to the SCS for various drills and reports on emergency funding grants that have been awarded to CDPH in response to the COVID-19 pandemic and other emergencies.",Not Specified,"For experience/education to qualify during the application screening process, and to ensure that minimum qualifications can be determined, applicants should include all employment history on the Employment Application (STD 678) and/or Resume, including detailed job descriptions, hours worked per week, and start/end dates (MM/DD/YYYY).  Application packages without this information will experience delayed processing times and your eligibility for this position may be impacted. A completed State application (STD. 678) and any other relevant documents (e.g. unofficial transcript, copy of degree, resume, etc.) should be submitted electronically via your CalCareers Account. Please reference Job Control # 445016 and indicate the basis of your eligibility in the Examination(s) or Job Title(s) section. SROA and surplus candidates should submit a copy of their letter with their application. Please remove any confidential information (i.e. social security number, date of birth) from your documents prior to submission. Complete Application Packages (including your Examination/Employment Application (STD 678) and applicable or required documents) must be submitted to apply for this Job Posting. Application Packages may be submitted electronically through your CalCareers Account at www.CalCareers.ca.gov. Submitting an electronic application through your CalCareers account is strongly recommended since electronic applications will be received/processed faster than other methods of filing. Please submit only one application. If you are unable to submit your application electronically through your CalCareers account, please email apply@cdph.ca.gov for assistance and a CDPH Human Resources Division staff member will contact you to assist with the online application process or, a hard copy application package may be submitted through an alternative method as explained in the How to Apply section below. When submitting your application in hard copy, a completed copy of the Application Package listing must be included."
PROGRAM ANALYST,Disability Retirement Special Programs Senior Analyst,Public Employees Retirement System,11/14/2024,"$5,855.00 - $7,327.00 per Month",Sacramento,JC-453311,https://calcareers.ca.gov/CalHrPublic/Jobs/JobPosting.aspx?JobControlId=453311,"This position is being re-advertised. If you previously applied, your application is still being considered and you do not need to re-apply.","Desirable Qualifications

            In addition to evaluating each candidate's relative ability, as demonstrated by quality and breadth of experience, the following factors will provide the basis for competitively evaluating each candidate:
        

Strong analytical and organizational skills
Excellent customer service skills
Efficient, dependable, professional and compassionate
Ability to adapt to frequent change and effectively manage multiple priorities
Strong team player","Statement of Qualifications  
Please provide a Statement of Qualifications (SOQ) for the hiring manager’s review. Applications received without an SOQ or those that do not respond to the specific questions below will not be considered.
The SOQ must be typed, titled “Statement of Qualifications,” and each response must be numbered and list all relevant experience, education, and training, including places of employment, dates, and duties performed.  The SOQ must not exceed two pages in length and must not have font smaller than 11 point.
1.	Based on the duty statement, how have your experience and/or education made you an ideal candidate for this position?
2.	Identify a specific time you had to analyze laws, regulations and/or policies and apply your interpretation to a project or assignment you were working on.
3.	Provide an example of a time you have had to prioritize and handle multiple tasks while meeting deadlines. Include any computer applications or tools you use to stay organized and keep your work on schedule.
Minimum Qualifications 
All experience and education relating to the Minimum Qualifications (MQs) listed on the Classification Specification should be included in your application package to clearly demonstrate how you meet the MQs for this position. If you are using education to meet MQs, please include your transcripts with your application package. If you have a degree from outside of the United States, you must submit an evaluation of this degree to determine the US equivalency.  If you need an evaluation, you can visit the National Association of Credential Evaluation Services (NACES) website to find organizations that provide these services. The Classification Specification is located on this Job Posting under ""Minimum Requirements."" 
Please Note: You may need to pass an examination to establish list eligibility prior to a final offer of employment. To find and take an exam, visit CalHR’s CalCareers website."
PROGRAM ANALYST,External Quality Review Organization Program Analyst,Department of Health Care Services,11/21/2024,"$5,855.00 - $7,549.00 per Month",Sacramento,JC-453619,https://calcareers.ca.gov/CalHrPublic/Jobs/JobPosting.aspx?JobControlId=453619,Why Join DHCS?,"Desirable Qualifications

            In addition to evaluating each candidate's relative ability, as demonstrated by quality and breadth of experience, the following factors will provide the basis for competitively evaluating each candidate:
        

Experience with quality improvement or health equity programs.Experience in project management, legislation analysis, or policy implementation.Ability to work collaboratively with both clinical and non-clinical staff.Excellent written, verbal analytical and interpersonal skills. Proficient skills in MS Office, Word, Excel, PowerPoint Teams and SharePoint.Health quality and equity, cultural humility and social determinants of health. Ability to adapt to changing priorities, while maintaining professionalism and tact.","Simple Application Steps  If you are interested in this position, complete the following  simple steps:  Review the education and experience minimum  qualifications (MQ’s) of the   Associate Governmental Program Analyst MQ  See the Minimum Requirements section above.  Complete the statement of qualifications and the state application by clicking “Apply Now” above. See below for detailed application instructions.  Submit your application package with all required  documents, which include the statement of qualifications - see the ""Required Application Package  Documents"" section below.  Once you have applied, take the AGPA Examination:CalCareers .Statement of Qualifications Requirement Section Applicants must include a Statement of Qualifications (SOQ) for this recruitment. The SOQ is a narrative discussion, not a cover  letter, prepared by the applicant describing how their skills,  knowledge, abilities, education, training, and experience, qualify  them for the position. The SOQ serves as documentation of the applicant’s ability to  present information clearly and provide DHCS additional  information about their experience and qualifications concisely in  writing. The DHCS may not consider applicants who fail to provide an SOQ with their application. The SOQ must typed in 12-point font, single-spaced, on letter sized paper (8.5"" x 11""), and be no more than twp pages in length. Resumes will not be accepted as a substitute  for SOQ, and applicant who do  not include an SOQ may be disqualified. All information is subject to verification:1. Describe your experience related to project management and the specific methods or tools you used. How did your role contribute to improving project outcomes?2. Explain your experience communicating complex program infromation or data to internal and external  stakeholders. How have you faciliated collaboration across teams, departments or organizations to achieve healthcare or other program goals?"
PROGRAM ANALYST,Licensing Analyst,Department of Health Care Services,11/18/2024,"$5,855.00 - $7,327.00 per Month",Sacramento,JC-453807,https://calcareers.ca.gov/CalHrPublic/Jobs/JobPosting.aspx?JobControlId=453807,Why Join DHCS?,"Desirable Qualifications

            In addition to evaluating each candidate's relative ability, as demonstrated by quality and breadth of experience, the following factors will provide the basis for competitively evaluating each candidate:
        




Effective communicationDependableAbility to work effectively as an individual and as part of a team. Experience in reviewing and analyzing documents and/or applications for completeness according to policies, procedures and/or regulations.","Simple Application Steps If you are interested in this position, complete the following these simple steps:
Review the education and experience minimum qualifications (MQ’s) of the Associate Governmental Program Analyst Associate Governmental Program Analyst (5393) - CalHR. See the Minimum Requirements section above.Complete the statement of qualifications and the state application by clicking “Apply Now” above. See below for detailed application instructions.Submit your application package with all required documents, which include the Supplemental Application- see the ""Required Application Package Documents"" section below.Once you have applied, take the Associate Governmental Program Analyst Exam CalCareers
 If using education to meet classification MQ pattern:Education: If you are meeting minimum qualifications with education, you must include a copy of your diploma/degree and/or unofficial/informal transcripts for verification. Official transcripts may be required upon appointment. Supplemental Application Requirement SectionApplicants must include a Supplemental Application (SA) for this recruitment. You must provide specific information in your response(s) which demonstrates how your knowledge, skills, and training meet the needs of this position. The DHCS may not consider applicants who fail to provide an SA with their application. Resumes do not take the place of the SA. The SA must have each response numbered, no more than one page in length, single-spaced and using 12-point font. You must indicate your Full Name and Job Control Number at the top right corner.Respond directly to the following Supplemental Application question(s):
This position requires frequent travel, up to 50% of the time by plane and car, with stays averaging a minimum of 3 consecutive days at a time. Please briefly explain your comfort level with regular travel.Please explain what interests you most about this position.
 Candidates who do not complete and submit an SA may not be considered for this position.Travel required 50% of the time.  Position may require overnight travel for up to 4 consecutive nights to meet training requirements."
PROGRAM ANALYST,Construction Course Developer and Training Coordinator,Department of Transportation,11/15/2024,"$5,855.00 - $7,327.00 per Month",Sacramento,JC-453833,https://calcareers.ca.gov/CalHrPublic/Jobs/JobPosting.aspx?JobControlId=453833,"Under the direction of the Office Chief, a Supervising Transportation Engineer, the incumbent provides analytical and administrative services within the Division of Construction, with a focus on supporting the Construction training program. The incumbent will consult with Construction management team to identify training needs, and develop creative solutions to address statewide training issues. The incumbent will coordinate, develop, and implement the most cost-effective and efficient training for statewide Construction staff, which includes, but is not limited to, e-Learning (online) training and classroom training delivery.  This position is an integral part of the Construction workforce development team as well as a component of the Department-wide Project Delivery professional development program. This program provides technical training to the Capital Outlay Support (COS) staff, and evaluates the effectiveness of training delivered for continuous improvement. This position is located in Sacramento.PARF 54-5-016/JC-453833",Not Specified,"Possession
of a valid driver’s license is required when operating a state owned or leased
vehicle.Statement of Qualification (SOQ) is required.A Statement of Qualifications (SOQ), not exceeding two (2) pages in length, must be submitted with the application. The SOQ should include a discussion of how an applicant’s education, training, experience, and skills meet the criteria below. 1. Ability and experience in the design, development and delivery of training, presentation, and/or instructional materials. Please provide specific example(s). 2. Please provide the specific software application(s) which you have used previously (may or may not be related to statement #1 above). 3. Please describe your experience or skill level (beginner, intermediate, advanced) with the use of each software application you'd provided in the previous statement. 4. Please provide examples of your experience and ability to communicate effectively, both orally and in writing.Possession
of Minimum Qualifications will be verified prior to interview and/or
appointment.  If you are basing your eligibility on education, you must
include your unofficial transcript(s)/diploma for verification.
 Unofficial, original, or official sealed transcripts will be accepted and
may be required upon appointment.  Applicants with foreign
transcripts/degrees must provide a transcript/degree U.S. equivalency report
evaluation that indicates the number of units and degree to which the foreign
coursework is equivalent.  Please visit either of the following two
websites for a list of evaluation agencies: https://www.naces.org/members or https://aice-eval.org.  Please redact birthdates and social security
numbers."
PROGRAM ANALYST,Workforce Management Analyst,State Water Resources Control Board,12/4/2024,"$5,855.00 - $7,549.00 per Month",Sacramento,JC-445390,https://calcareers.ca.gov/CalHrPublic/Jobs/JobPosting.aspx?JobControlId=445390,"Please note: this is a re-advertisement. If you have previously applied for this vacancy, your application is being considered and you do not need to re-apply.","Desirable Qualifications

            In addition to evaluating each candidate's relative ability, as demonstrated by quality and breadth of experience, the following factors will provide the basis for competitively evaluating each candidate:
        

-	Excellent punctuality and reliable attendance.-	Excellent critical thinking skills.-	Ability to effectively manage concurrent high priority tasks or projects.-	Ability to act tactfully and resourcefully to solve problems.-	Excellent written and verbal communication skills.-	Strong public speaking experience.-	Analytical and/or Policy Development experience.-	Experience interpreting laws, rules, and regulations.-	Experience using Microsoft Excel and PowerPoint.-	Experience analyzing and tracking data.-	Experience with workforce/succession planning.-	High familiarity with personnel procedures and functions. -	Experience building strong working relationships with internal and external customers.","In order to be considered for this position, you must include the following:
RPA# 24-600-xxx in the “Examination or Job Title(s)” section of the State application when submitting a hardcopy application.Photocopies of degree and official transcripts (if needed to establish eligibility). 
Must have Associate Governmental Program Analyst list, transfer, or reinstatement eligibility and be reachable on the certification list. Here is the link to the exam:  https://calcareers.ca.gov/CalHrPublic/Exams/ExamBulletin.aspx?ExamControlId=1764. An applicant with a college degree obtained outside the United States that does meet accreditation standards must have education records evaluated by a credentials evaluation service. Evaluation of education records will be due during final minimum qualification evaluation of candidate(s). A link of accepted evaluation agencies can be found here: https://www.naces.org/members. Electronic submittal of applications and attachments through jobs.ca.gov is preferred. Emailed or faxed applications will not be accepted. You are required to complete employment history on the application form (STD. 678), including work experience, dates, hours worked, contact names and phone numbers of supervisors on the state application. Applicants who fail to submit a completed STD. 678 may be disqualified.In the hiring interview, the panel will consider education, experience, personal development, personal traits and fitness for the job. In appraising experience, more weight may be given to the breadth of pertinent experience and evidence of the candidate's ability to accept and fulfill increasing responsibilities than to the length of his/her experience. For additional information, you may refer to the class specification."
PROGRAM ANALYST,Business Analyst,State Controller's Office,11/29/2024,"$5,855.00 - $7,327.00 per Month",Sacramento,JC-454006,https://calcareers.ca.gov/CalHrPublic/Jobs/JobPosting.aspx?JobControlId=454006,"Under the general direction of the Business Systems Support and Maintenance (BSSM) Program Manager (Staff Services Manager II), with direct supervision provided by Staff Services Manager I), Systems Activities Coordination and Support (SACS) Unit Supervisor, the incumbent performs activities related to personnel and payroll program analysis and reporting compliance.","Desirable Qualifications

            In addition to evaluating each candidate's relative ability, as demonstrated by quality and breadth of experience, the following factors will provide the basis for competitively evaluating each candidate:
        

A collaborative business analyst with a positive outlook on the work and activities presented and takes initiative as a catalyst for organizational change. Good communicator with active listening skills. Analytical proficiency to understand and interpret the laws, rules, regulations, bargaining unit provisions, procedures, and policies related to personnel and payroll programs in order to implement complex and sensitive program assignments. Technical acumen and time management skills with the ability to coordinate concurrent assignments and changing priorities to efficiently meet deadlines. A strategic thinker who is able to formulate objectives and priorities, maximize opportunities, manage risks, and implement plans consistent with the short-term and long-term goals of the unit, bureau, and division.  Experience in performing and acting in a lead capacity in tasks related to the state’s Employment History and Payroll systems and subsystems, payroll operations, and human resources policies and procedures.  Professional experience in performing analytical duties in program planning, policy review, development and evaluation, and legislative analysis. Professional experience performing complex research and analysis project work, identifying business needs making recommendations to management, and implementing effective courses of action (including delivering products within cost, schedule, and resource constraints.). Experience developing Business Requirements (Defining the scope of the solution based on priorities, business value, and implementation complexity, including, developing user requirements for system changes and reporting requirements, developing test plans, performing user acceptance testing, and developing implementation plans.) Ability to uphold PPSD values: Professionalism, Accountability, Customer Service, Collaboration, and Trust. Ability to work well with others at all levels. Excellent attendance and dependability. Strong customer services skills.",A Statement of Qualifications is required; please see ‘Required Application Package Documents’ for instructions.Take the Associate Governmental Program Analyst examination here: https://calcareers.ca.gov/CalHRPublic/Search/ExamSearchResults.aspx#kw=associate%20governmental%20program%20analyst
PROGRAM ANALYST,Associate Governmental Program Analyst/Staff Services Analyst,Military Department,11/22/2024,"$5,855.00 - $7,549.00 per Month",Rancho Cordova,JC-447250,https://calcareers.ca.gov/CalHrPublic/Jobs/JobPosting.aspx?JobControlId=447250,"This position works within the California Military Department (CMD), State Network Team (SNT). Under the supervision of the Staff Services Manager II, Chief of Business Operations (manager), the Staff Services Analyst (SSA) will perform analysis, technical assistance, and program direction to SNT leadership and State funds managers. Tasks are reviewed to ensure that necessary clearances and endorsements are obtained, and any budget concerns are addressed.",Not Specified,"Possession of Minimum Qualifications will be verified prior to interview and/or appointment. If you are meeting Minimum Qualifications with education, you must include your unofficial transcripts/diploma for verification. Official transcripts may be required upon appointment. If it is determined a candidate does not meet the Minimum Qualifications, the candidate will be withheld from the eligibility list, rendering them inactive and ineligible to be hired for the position."
PROGRAM ANALYST,Associate Governmental Program Analyst - Candidate Statements & Political Parties,Secretary of State,11/15/2024,"$5,855.00 - $7,327.00 per Month",Sacramento,JC-454082,https://calcareers.ca.gov/CalHrPublic/Jobs/JobPosting.aspx?JobControlId=454082,"This is a readvertisement.  If you previously applied for this position, your application is still under review and you do not need to resubmit your application.Are you passionate about democracy and ensuring everyone’s voice is heard? The Secretary of State’s Elections Division is seeking a qualified applicant to work as a permanent, fulltime Associate Governmental Program Analyst (AGPA) in the Candidate Statements, Voter Information Guide (VIG), and Initiative and Referenda program areas. The Secretary of State will consider the Staff Services Analyst classification for purposes of recruitment. The department will also consider a Training and Development (T&D) assignment for purposes of recruitment. Candidates that complete a successful T&D assignment may be transitioned into the formal classification without the need to re-compete for the position.",Not Specified,"Education: Please include all the required documents necessary to verify that you meet the minimum qualifications for this classification (i.e., degree, transcript, license, and certificate). If your degree is not in one of the specified degrees as stated in the Class Specifications, please provide a copy of your most recent unofficial transcripts to be evaluated for comparability. If you fail to provide the required documentation, your application package will be marked as incomplete and will not be considered for an interview. Candidate may be required to provide an Official Transcript prior to hire."
PROGRAM ANALYST,Benefit Resolution Analyst,State Teachers' Retirement System,11/21/2024,"$5,855.00 - $7,327.00 per Month",West Sacramento,JC-454955,https://calcareers.ca.gov/CalHrPublic/Jobs/JobPosting.aspx?JobControlId=454955,"The CalSTRS Service Retirement Division is seeking a motivated individual to work as an Associate Governmental Program Analyst on the Benefit Resolution, Appeals & Legislation Team.",Not Specified,"Exam This position requires a current Associate Governmental Program Analyst Exam. If you need to take the exam or if your score has expired,  click here to gain list eligibility.Background Investigation 
Prior to employment with CalSTRS, a background investigation (BI) will be conducted. The BI consists of a Personal History Statement and fingerprinting through the Department of Justice. The BI will check criminal and civil records and, if applicable, verify education and check driving records.
CalSTRS Disclosure Requirements This position may be subject to disclosure and disqualification requirements concerning economic conflict of interest in government work, including the Conflict of Interest Code that applies to CalSTRS team members and the Political Reform Act, which require disclosure of certain investment information and use of a designated trading platform for securities transactions, as well as filing a Statement of Economic Interest (Form 700)."
PROGRAM ANALYST,Associate Governmental Program Analyst,Department of Forestry & Fire Protection,11/19/2024,"$5,855.00 - $7,327.00 per Month",West Sacramento,JC-455440,https://calcareers.ca.gov/CalHrPublic/Jobs/JobPosting.aspx?JobControlId=455440,,"Desirable Qualifications

            In addition to evaluating each candidate's relative ability, as demonstrated by quality and breadth of experience, the following factors will provide the basis for competitively evaluating each candidate:
        

• Experience working with boards/commissions• Experience developing and delivering presentations• Experience with Microsoft Office Suite (Word/Excel/PPT/Outlook)• Experience handling multiple work priorities• Information synthesis and analysis experience• Experience with budget analysis and document preparation","• If using education to meet Minimum Qualifications, please provide transcripts and/or degree.All job applicants must provide their employment history on the application form (State Application STD 678) rather than attaching a resume to the form, otherwise the application may be considered incomplete. 1.	Do NOT include ANY confidential information on any documents you submit for a job vacancy, such as your State application, resume, or educational transcripts. Confidential information that should be excluded or removed from these documents includes, but is not limited to, your Social Security Number (SSN), birthdate, student identification number, driver’s license number (unless required), basis of eligibility examination results, LEAP status, marital status, and age. Confidential information on the first page of applications submitted electronically online, such as Easy ID number, SSN, examination related information, and driver’s license number will automatically be redacted upon submission.2.	Possession of Minimum Qualifications will be verified prior to interview and/or appointment. If you are meeting Minimum Qualifications with education, you must include your unofficial transcripts/diploma for verification. Official transcripts may be required upon appointment. If it is determined a candidate does not meet the Minimum Qualifications, the candidate will be withheld from the eligibility list, rendering them inactive and ineligible to be hired for the position. Candidates who have been withheld may file an appeal with the State Personnel Board. The minimum qualifications can be found in the ASSOCIATE GOVERNMENTAL PROGRAM ANALYST classification specifications."
PROGRAM ANALYST,Associate Governmental Program Analyst,Department of General Services,11/20/2024,"$5,855.00 - $7,327.00 per Month",West Sacramento,JC-456178,https://calcareers.ca.gov/CalHrPublic/Jobs/JobPosting.aspx?JobControlId=456178,"This position is eligible for telework three (3) days a week, in accordance with DGS’s Telework Policy, and will be required to report to the office twice a week and as needed/required. The successful candidate must reside in California upon appointment.",Not Specified,"Employment History on the STD 678 (State Application) must be complete and include dates, accurate hours per week, total time worked, duties and responsibilities, and contact names and phone numbers of supervisors. Resumes or other documents cannot substitute a state application. Applicants who fail to submit a completed STD 678 (State Application) may be disqualified. Only the most qualified candidates will be invited to an interview.Individuals who are new to state service must have list eligibility in order to gain employment with any state agency. Click here to learn more about examinations administered by DGS and examinations available online."
PROGRAM ANALYST,Supply Services Unit Commodity Analyst,California Highway Patrol,11/22/2024,"$5,855.00 - $7,327.00 per Month",Sacramento,JC-456821,https://calcareers.ca.gov/CalHrPublic/Jobs/JobPosting.aspx?JobControlId=456821,"Responsible for providing consultative services, analysis, program oversight and support as the Supply Services Unit (SSU) Commodity Analyst.  Ensures the SSU Warehouse is stocked with the necessary commodities utilized by all California Highway Patrol (CHP) personnel throughout the state as well as allied agencies.  Executes recurring and ad-hoc reports from the Microsoft Office D365 system to determine which commodities need replenishment.  Utilizing legacy databases and the D365 system, independently performs complex analysis to calculate usage and make recommendations on future restocking requirements to improve the functionality of the D365 system.  Independently develops and executes policies and procedures for obtaining Office of Primary Interest approval to restock commodities and verify commodity specifications are current.  Utilizing available resources, seeks out potential vendors and solicits quotes for commodities needing replenishment and ensures all state procurement laws, regulations, policies and guidelines as well as departmental goals and guidelines are followed when selecting vendors.  Creates D365 system Purchase Orders for SSU to receive against, based on related Purchase Orders issued by the Purchasing Services Unit.","Desirable Qualifications

            In addition to evaluating each candidate's relative ability, as demonstrated by quality and breadth of experience, the following factors will provide the basis for competitively evaluating each candidate:
        

Demonstrated ability to act independently, open-mindedness, flexibility, and tact.","The Statement of Qualifications (SOQ) serves as documentation of each applicant’s ability to present information clearly and concisely in writing.  Each question must be numbered and addressed in the same order as the questions below.  The SOQ must be typed, no more than two pages in length, and 12-point Arial font.1) Please describe how your experience aligns with the duties of this position.2) Please describe how you manage your time with multiple competing priorities."
PROGRAM ANALYST,Budget Analyst,Department of General Services,11/15/2024,"$5,855.00 - $7,327.00 per Month",West Sacramento,JC-455720,https://calcareers.ca.gov/CalHrPublic/Jobs/JobPosting.aspx?JobControlId=455720,"This position is Hybrid and eligible for telework up to three (3) days a week, in accordance with the Statewide Telework Policy, and will be required to report to the office as needed/required. The successful candidate must reside in California upon appointment.","Desirable Qualifications

            In addition to evaluating each candidate's relative ability, as demonstrated by quality and breadth of experience, the following factors will provide the basis for competitively evaluating each candidate:
        

A four-year degree in Accounting, Finance or related field Budgeting or finance experience managing a large budgetStrong finance experience utilizing advanced features of Excel such as: pivot tables, statistical analysis, forecasting, and graphs",Individuals who are new to state service must have list eligibility in order to gain employment with any state agency. Click here to learn more about examinations administered by DGS and examinations available online.
PROGRAM ANALYST,Strategic Initiatives Analyst,State Teachers' Retirement System,11/24/2024,"$5,855.00 - $7,327.00 per Month",West Sacramento,JC-456574,https://calcareers.ca.gov/CalHrPublic/Jobs/JobPosting.aspx?JobControlId=456574,The CalSTRS Investments Branch is seeking an experienced individual to work as an Associate Governmental Program Analyst (AGPA) on the Senior Management Team (SMT) Strategic Initiatives team.,Not Specified,"ExamThis position requires a current Associate Governmental Program Analyst examination. If you need to take the examination or if your score has expired,  click here to gain list eligibility. CalSTRS Personal Trading ProgramInvestment Branch employees are required to participate in the CalSTRS Personal Trading Program which allows CalSTRS to monitor employees’ personal trading transactions in order to reduce risks associated with insider trading, front running, and misusing material non-public information. Upon accepting a position within the Investment Branch, you will be required to disclose your personal broker account information and be required to utilize a personal broker from a designated list as provided by CalSTRS.Background InvestigationPrior to employment with CalSTRS, a background investigation (BI) will be conducted. The BI consists of a Personal History Statement and fingerprinting through the Department of Justice. The BI will check criminal and civil records and, if applicable, verify education and check driving records.CalSTRS Disclosure Requirements This position may be subject to disclosure and disqualification requirements concerning economic conflict of interest in government work, including the Conflict of Interest Code that applies to CalSTRS team members and the Political Reform Act, which require disclosure of certain investment information and use of a designated trading platform for securities transactions, as well as filing a Statement of Economic Interest (Form 700)."
PROGRAM ANALYST,ASSOCIATE GOVERNMENTAL PROGRAM ANALYST,Department of General Services,11/27/2024,"$5,855.00 - $7,327.00 per Month",West Sacramento,JC-456932,https://calcareers.ca.gov/CalHrPublic/Jobs/JobPosting.aspx?JobControlId=456932,Excellence in the Business of Government!,Not Specified,"Employment History on the STD 678 (State Application) must be complete and include dates, accurate hours per week, total time worked, duties and responsibilities, and contact names and phone numbers of supervisors. Resumes or other documents cannot substitute a state application. Applicants who fail to submit a completed STD 678 (State Application) may be disqualified. Only the most qualified candidates will be invited to an interview.Individuals who are new to state service must have list eligibility in order to gain employment with any state agency. Click here to learn more about examinations administered by DGS and examinations available online."
PROGRAM ANALYST,Employee Resource Liaison,Department of General Services,11/21/2024,"$5,855.00 - $7,327.00 per Month",West Sacramento,JC-456414,https://calcareers.ca.gov/CalHrPublic/Jobs/JobPosting.aspx?JobControlId=456414,"This position is Hybrid and eligible for telework up to three (3) days a week, in accordance with the Statewide Telework Policy, and will be required to report to the office as needed/required. The successful candidate must reside in California upon appointment.","Desirable Qualifications

            In addition to evaluating each candidate's relative ability, as demonstrated by quality and breadth of experience, the following factors will provide the basis for competitively evaluating each candidate:
        

This position is not eligible for visa sponsorship. Applicants must be authorized to work in the US without the need for a visa sponsorship or a training plan, now or in the future.","Employment History on the STD 678 (State Application) must be complete and include dates, accurate hours per week, total time worked, duties and responsibilities, and contact names and phone numbers of supervisors. Resumes or other documents cannot substitute a state application. Applicants who fail to submit a completed STD 678 (State Application) may be disqualified. Only the most qualified candidates will be invited to an interview.Individuals who are new to state service must have list eligibility in order to gain employment with any state agency. Click here to learn more about examinations administered by DGS and examinations available online."
PROGRAM ANALYST,Course Coordinator/Training Analyst,California Highway Patrol,11/15/2024,"$5,855.00 - $7,327.00 per Month",Sacramento,JC-456065,https://calcareers.ca.gov/CalHrPublic/Jobs/JobPosting.aspx?JobControlId=456065,"The Associate Governmental Program Analyst (AGPA) acts as the course developer and coordinator for online and on-ground training courses under the ODS purview. The AGPA has direct oversight for all functions including establishing and facilitating working groups with subject matter experts; providing recommendations to the section's sergeant and commander on program deficiencies; developing complex courses utilizing the analysis, design, development, implementation, and evaluation model; projecting, monitoring, and balancing course budgets; formulating and implementing course procedures and policies. The AGPA calculates attendance based on analysis of course prerequisites.  The AGPA serves as the administrative lead for their respective course SharePoint sites, intranet/Internet sites, and/or databases, providing ongoing resources to both students and facilitators.  The AGPA prepares required documentation related to attendance, organizes the use of facilities and necessary equipment, determines proper order of presentation, and contacts instructors/commands for schedule compatibility.  The APGA determines instructor requirements and develops and maintains the instructor database, ensuring appropriate course succession planning.  The APGA researches and analyzes course critiques to determine when modifications are required. Also, each course requires the identification analysis for applicability, and insertion of digital media into course curriculum, as appropriate.  Serves as a subject matter expert on courses within the ODS purview.","Desirable Qualifications

            In addition to evaluating each candidate's relative ability, as demonstrated by quality and breadth of experience, the following factors will provide the basis for competitively evaluating each candidate:
        

Demonstrated ability to act independently and maintain open-mindedness, flexibility, and tact.  Effectively work under pressure, manage stress, consistently meet deadlines and time constraints in a fast-paced environment.","The Statement of Qualifications (SOQ) serves as documentation of each applicant’s ability to present information clearly and concisely in writing.  Each question must be numbered and addressed in the same order as the questions below.  The SOQ must be typed (8-1/2 x 11 size paper), no more than two pages in length, and 12-point Arial font.1.  Referencing the attached duty statement, how does your experience, education, and/or training make you a strong candidate for this position? 2. Describe your experience as it relates to the following: (1) Experience with technology; (2) Communicating with customers and team members; and (3) Achieving goals and establishing standards."
ANALYST,INNOVATION ANALYST,Department of Health Care Services,11/20/2024,"$3,749.00 - $6,093.00 per Month",Sacramento,JC-456127,https://calcareers.ca.gov/CalHrPublic/Jobs/JobPosting.aspx?JobControlId=456127,Why Join DHCS?,"Desirable Qualifications

            In addition to evaluating each candidate's relative ability, as demonstrated by quality and breadth of experience, the following factors will provide the basis for competitively evaluating each candidate:
        

 
Proficiency in Microsoft Office (Word, Access, Outlook)Proficiency in Microsoft SharePoint and SharePoint DesignerGood attendance and dependabilityEnthusiasm for improving processesInnovative thinker","Simple Application Steps If you are interested in this position, complete the following these simple steps: 
Review the education and experience minimum qualifications (MQ’s) of the Staff Services Analyst (5157), and  Associate Governmental Program Analyst (5393).Complete the state application by clicking “Apply Now” above. See below for detailed application instructions.Submit your application package with all required documents – see the “Required Application Package Documents” section above.Once you have applied, take the Staff Services Analyst Examination  or  Associate Governmental Program Analyst Examination. 
 Applicants are required to include a Supplemental Application for this recruitment. Your response must be typewritten using 12-point Arial font, single-spaced, and no more than one page. Please respond to the following Supplemental Application question: Describe a business process you improved at a current or previous employer. What was the process, how did you improve it, and how did you know it was better?"
